Date,Financials,Consumer Staples,Materials,Energy,Industrials,Health Care,Communication Services,Utilities,Consumer Discretionary,Information Technology,Real Estate
2009-12-31,0.22052589288984434,0.11037003633518197,0.10598350728950764,0.103080889036901,0.09895699144596648,0.0943743366597307,0.08011813755514652,0.0800096710521164,0.06739362805821891,0.02622029524230667,0.012966614435079259
2010-01-31,0.21609619830583116,0.11426246625390367,0.10216357367024045,0.10261691199499273,0.10100287147047837,0.0972836127675658,0.07876465239095232,0.07788461525732673,0.06897507588676005,0.027876948682127155,0.013073073319821533
2010-02-28,0.2180569056085283,0.1162449282354649,0.10475264809244067,0.10158944869919667,0.10164489226627253,0.09836607633759932,0.07884176036503535,0.07652666748000835,0.06341697922422283,0.02762725974852117,0.012932433942709895
2010-03-31,0.21933764101986802,0.11170611879593005,0.108734641836845,0.10043168542046546,0.10285616301618027,0.0928597981384581,0.07773968937596717,0.07416078582243875,0.07070051055124445,0.02870273061665729,0.012770235405945476
2010-04-30,0.21591271547048296,0.1128788647842408,0.10662737379808314,0.10137902250422638,0.10600838933323911,0.0921940622902316,0.07702801078376009,0.07277281483701677,0.0741044704229109,0.028260034152477978,0.012834241623330139
2010-05-31,0.2095448891046766,0.1189520351298264,0.10584905745344925,0.09906612062586036,0.10665167797128484,0.09520855743853916,0.07729568835484352,0.07126329346466564,0.0753620588926394,0.028531074182362316,0.012275547381852457
2010-06-30,0.20930778498100358,0.12193738695641766,0.1041169549575734,0.09193212612523939,0.1083554898514944,0.0991587082887474,0.07838277497031755,0.06807085943761314,0.07762622132953535,0.028632164431127562,0.012479528670930542
2010-07-31,0.22536278192906062,0.11582311433992629,0.10402302826228892,0.09264671939501556,0.10735171331207032,0.08919550216537582,0.08012153976628217,0.06830717443184695,0.0769873388229667,0.027278238255877447,0.012902849319288982
2010-08-31,0.21746662699664657,0.1197554828955214,0.10178726882203969,0.09201703201164352,0.10555716222112921,0.09544471962356442,0.08294440656560571,0.06845766154279141,0.0775979111308333,0.026090955724822052,0.012880772465402682
2010-09-30,0.2133068608047658,0.11748403107205128,0.10490370439757976,0.09194330021081402,0.1091205618098539,0.0920222927455588,0.0798440008554788,0.06622904250352929,0.08482795312246406,0.027181153923310615,0.013137098554593675
2010-10-31,0.20998376177972294,0.11597827582433302,0.10624616568093291,0.09278101187554383,0.10893272839105365,0.09032277025548092,0.08230389106875703,0.06799921817600077,0.08549184036819142,0.02720544472936877,0.01275489185061473
2010-11-30,0.19692568043843545,0.11825352132478864,0.1127281563784879,0.09339699693877593,0.11271903902731215,0.09166591634052708,0.07907252618148884,0.0647567644231589,0.0912580432399475,0.02719682122055506,0.01202653448652259
2010-12-31,0.19579573754639185,0.11570200889184831,0.11752877527523914,0.09638489310546075,0.11445085836802725,0.0896691475926972,0.07662147451599007,0.0638399412305907,0.0897276999715274,0.027846557080603625,0.012432906421623912
2011-01-31,0.20963575763540082,0.10880508175245909,0.11041840774333143,0.0995110800425533,0.11494950030044872,0.08563833423253972,0.07807642201325316,0.06615937874389165,0.08534368119591038,0.029251408985466604,0.012210947354745125
2011-02-28,0.21059084682971577,0.10838575140788932,0.11083252424940156,0.10027820024990507,0.11371495178541706,0.08709617248038429,0.07755928462320952,0.0656740729217722,0.08423291180549554,0.02899011286463297,0.012645170782176777
2011-03-31,0.2017085925752681,0.10934071450280214,0.11208265080325089,0.10100776471279614,0.11613505644255726,0.08596720416865838,0.08005000392405635,0.06756894206671121,0.0840117369272098,0.02913423996790608,0.012993093908783523
2011-04-30,0.20119956577916984,0.11043289782522327,0.1114639857849918,0.0991858547601129,0.11655740214882974,0.08834502660887535,0.07712145904101422,0.0669443201989277,0.08676514714929998,0.028992443101593834,0.01299189760196146
2011-05-31,0.20033504085337586,0.11532257656640521,0.10915545753179376,0.09627418130030191,0.11577668547254519,0.09346125618738076,0.0753365279580785,0.06516894121826737,0.08766579140210404,0.028207684567335883,0.013295856942411519
2011-06-30,0.19618284250259915,0.1135907069103174,0.11067534160229427,0.09642597378658382,0.116363238332375,0.09289865480923444,0.07555410441078546,0.06502316493279811,0.09180424111250629,0.02787303353582086,0.01360869806468514
2011-07-31,0.1907755697011854,0.11699981475740788,0.10964494696380503,0.09828143461235796,0.11239600533731309,0.09756383594437529,0.07635933840818245,0.06332015586266646,0.09399155843414585,0.02698354143009463,0.01368379854846594
2011-08-31,0.1793535883417252,0.12495737105107198,0.10798125167089469,0.09947917834479308,0.11209741132717038,0.10101647436221695,0.07858581270745145,0.06266427202111437,0.0921302510918381,0.02766310590976206,0.014071283171961721
2011-09-30,0.1770654191236069,0.13062001142844978,0.09763625230376342,0.10107152611059153,0.10919273167442915,0.1056175466139141,0.08167629345823726,0.06642080213568381,0.08913013259661068,0.0279880946156555,0.01358118993905784
2011-10-31,0.17594018684531537,0.12709245339052413,0.1023682757814016,0.1064896478303564,0.11030705231523508,0.1004324827412497,0.07956793220332378,0.06213845230589389,0.09367090199253614,0.028585722548597637,0.013406892045566351
2011-11-30,0.16623309045090232,0.13237659578738864,0.10141362678823478,0.10969628335301893,0.11034465067483297,0.10348589538323225,0.08027513684869922,0.06192487694447951,0.0926150144896848,0.02854581802288473,0.013089011256641763
2011-12-31,0.16481068806191662,0.1342651230349832,0.10397748794011986,0.11191527864735706,0.10921710570980198,0.1079691717731295,0.0802988395465939,0.05918545225892293,0.0880613213882597,0.027385989626842203,0.012913542012072923
2012-01-31,0.17428973971054787,0.12636513156462498,0.11010836171304589,0.10754758080778425,0.11223117650925551,0.10280868762448792,0.07566587355923053,0.05580897033609579,0.09445442039253028,0.02768408168305252,0.013035976099344607
2012-02-29,0.17947375938147306,0.12790590451017192,0.10852534175940647,0.10747550704799048,0.11303780908669829,0.09967164861742737,0.07147508446758515,0.05500830919193525,0.09618660003109478,0.028638785361973656,0.012601250544243728
2012-03-31,0.17758182903023606,0.1324554908924616,0.10494412948887819,0.10365551242875312,0.1137335967974512,0.10085378623902654,0.07171787604301541,0.054453545478288366,0.0975463574270774,0.02983919687791636,0.013218679296895817
2012-04-30,0.16873026394642843,0.13596120913435872,0.1073423240066598,0.10478287027644864,0.11339806967551508,0.1055364587571393,0.07057481417364432,0.05226554594856552,0.09938229388533093,0.02889344975571334,0.013132700440195818
2012-05-31,0.16055981506273448,0.143887783148153,0.1022700022618769,0.10298378114495202,0.11275865813532154,0.11071677542139728,0.07162857362460778,0.05216215050747935,0.10043912352398815,0.028703671588254723,0.013889665581234594
2012-06-30,0.16784552290161453,0.1413730642599638,0.09969622245821323,0.1030501444413983,0.11078231719226878,0.11067329402223619,0.07246813804933597,0.05443749012517752,0.09800067001261341,0.027639119660367254,0.014034016876810992
2012-07-31,0.16358897047796075,0.144746437811711,0.10021373096340104,0.10208065002484651,0.11111283693569363,0.1142216852678494,0.07117679600654911,0.05052813817490842,0.09903706465071853,0.02893304467538283,0.014360645010978876
2012-08-31,0.1709782723929708,0.1425824419848023,0.09727444186050878,0.103297438738855,0.11029448445809698,0.11091327730769117,0.07150693530251703,0.05159021214450146,0.09881671113046059,0.028477485187631737,0.014268299491964169
2012-09-30,0.17673397781623643,0.1393519421416393,0.10034993819095499,0.10023561198897682,0.11045329106497016,0.11093884992816919,0.07018905184927286,0.051663679151096216,0.09628695919181295,0.02910657363594022,0.014690125040930882
2012-10-31,0.18144081290796005,0.13768521465630412,0.10060396463889398,0.09785813017170593,0.1107710706498495,0.10953812388122015,0.06630624389628814,0.052266709517483904,0.09899799528103843,0.029090349241540588,0.015441385157715216
2012-11-30,0.1839445858906045,0.14033130623260978,0.09936102581235308,0.09431934584142052,0.11250512336333848,0.1079697698501213,0.06506654426136331,0.048776118252764636,0.10203019685188122,0.03018536571658144,0.015510617926961744
2012-12-31,0.18663720895295668,0.13607117969150487,0.10361066534635678,0.09204707424413776,0.11330429758614344,0.10714416679485425,0.06461659148206088,0.0490659309057536,0.10202276393677831,0.03015541902996146,0.015324702029492031
2013-01-31,0.1936390360701138,0.1352685705584325,0.10033796679346339,0.09071682759336992,0.11228355541802824,0.10828076171881863,0.06533475011661687,0.047205603436184386,0.10180902787890636,0.030536992190695646,0.014586908225370246
2013-02-28,0.19282901299009234,0.14370782504511442,0.10022473236405254,0.08122346733957479,0.11663874275238756,0.10357236447443806,0.06197526630255319,0.048423169127023685,0.10588660062640808,0.03237063738477009,0.013148181593585273
2013-03-31,0.18427684088485116,0.14985172890705084,0.09473318551361251,0.08078589652038758,0.11754920550459198,0.10850797150608248,0.06609769950505191,0.0482456554919076,0.10459869688726678,0.03219800588274439,0.013155113396452844
2013-04-30,0.19064110594359993,0.14359501796458157,0.09019152496271365,0.08651705150577974,0.1132816663796667,0.11588069254038481,0.06909251915726143,0.048584764905103765,0.09893829617490782,0.030276743773128008,0.013000616692872497
2013-05-31,0.19475141597366205,0.13878540447314042,0.09163575068723515,0.08543364214473909,0.11487881170521741,0.11438276007090957,0.06706190804399162,0.04719809316243852,0.10278880565315003,0.03019781258559532,0.012885595499920886
2013-06-30,0.1914865731845052,0.14059711655637636,0.08724926499091105,0.08409642113215245,0.1147074928165795,0.11763288046272406,0.06973532117178811,0.047215809477112965,0.10372314259843622,0.0306559316147295,0.012900045994684542
2013-07-31,0.1977997891779005,0.13699268953291305,0.08641154723266774,0.0829153945908554,0.11562282957408619,0.11337688665445422,0.0696622608020043,0.04701468279068589,0.10709378528274668,0.03019113933173554,0.012918995029950588
2013-08-31,0.19711229368909727,0.13444194842059368,0.08878571465548807,0.08419384352447755,0.11623826052716033,0.11277174924036389,0.07141308200589139,0.046147212392773085,0.10607151902978283,0.030600850271073295,0.012223526243298592
2013-09-30,0.19712821052185725,0.13226803936957354,0.08926900980199748,0.08068773344085896,0.12061121880098345,0.10950789576505462,0.07302383355819402,0.046832978719259816,0.10714172943421382,0.03127190517453447,0.012257445413472652
2013-10-31,0.20255872221960963,0.13021787676433844,0.08856392531480974,0.08084146465933646,0.11876308309787467,0.10855354916783273,0.07468683787803201,0.04721076641355583,0.10605278579026464,0.030292506731798566,0.012258481962547372
2013-11-30,0.20249018444682243,0.12888108863696307,0.08775560195216624,0.07921127718145922,0.11969656044125103,0.11033598200347736,0.07413131602298635,0.04737766389343468,0.10686341556186728,0.031058630006249505,0.012198279853322893
2013-12-31,0.20291154149029372,0.1270953062460053,0.08781364819291662,0.0790493872503785,0.12010086424709117,0.10930769913831608,0.07820326355876496,0.04613203958495218,0.10645190474926583,0.03104242002152038,0.011891925520495335
2014-01-31,0.20665279852036084,0.12360268524716869,0.0875848879150586,0.07717071937628099,0.12085227290553942,0.11199426111042839,0.07866161195055363,0.04660049448150843,0.1045801978267682,0.030133498839482277,0.012166571826850475
2014-02-28,0.20648600800500022,0.12457116447676113,0.08821732196881994,0.07842955761085142,0.12068169681282527,0.11421997983828769,0.07176557418412023,0.04844640020069622,0.10428258545524986,0.030391023861826537,0.01250868758556154
2014-03-31,0.20843086797711033,0.12424408154108668,0.08681789421084836,0.07905387904999778,0.12207829292229355,0.11145369280444023,0.07002685565873247,0.05029399160736387,0.10479704345511395,0.030586260052954152,0.012217140720058774
2014-04-30,0.20702239662544103,0.12560443153174847,0.08785109149162824,0.0832370290032608,0.11822863320876724,0.11221664883485301,0.0694917439464189,0.049321086506731705,0.10522104369080733,0.029124089029795096,0.01268180613054823
2014-05-31,0.20769588790398205,0.12736034012860412,0.08575287047345384,0.08218299712310513,0.11820764118543528,0.11154295710537562,0.06964831615587747,0.04989671099034799,0.10566722996087642,0.029340731556026057,0.012704317416916156
2014-06-30,0.20318449022395416,0.12739462677214403,0.08645361335497122,0.08488703578409924,0.11607836966867029,0.11436879207380553,0.0700463195709185,0.050332942744783955,0.10532123008331792,0.029019889207526347,0.012912690515808848
2014-07-31,0.2070239254690429,0.12603630301751748,0.08937522296351601,0.08276937334670284,0.11365866551013329,0.1156761108849803,0.07026656124943377,0.05092521138746965,0.10114431620851,0.030098930509541266,0.013025379453152583
2014-08-31,0.20934025143413793,0.12679679661766138,0.08664694781583264,0.0818712872203273,0.11392377536672221,0.11731997844037963,0.06973461611662903,0.050264278658710256,0.10071529302036472,0.030210947929375603,0.013175827379859381
2014-09-30,0.21208765692796047,0.1259821445913395,0.08259185611630755,0.08072860665588791,0.11332981852967965,0.12393838078705742,0.06972254835414159,0.05131483024276965,0.0973046709997873,0.030194884667754322,0.012804602127314662
2014-10-31,0.20797613015432212,0.1289363994010506,0.08269201265505746,0.0757476809656106,0.11509197339327021,0.12304516575350312,0.07139329628229148,0.04959916249628294,0.10220854386063565,0.029765273603077944,0.013544361434897918
2014-11-30,0.21206472987603212,0.13134438857936523,0.08060555555757205,0.06710514731505587,0.11401633302518613,0.12363666235837646,0.07306366242219402,0.04845227829628954,0.10585599750730172,0.030260318563039203,0.013594926499587674
2014-12-31,0.2092674122097121,0.13125064182513352,0.07915554275419932,0.06631504790045276,0.1161181639369592,0.12171973653609382,0.07355210364327183,0.04778662462471605,0.10791955835060942,0.03224302971266939,0.014672138506182672
2015-01-31,0.2008656871040466,0.1369375479132811,0.07786581948556597,0.06314224919308735,0.11576561764391728,0.12440266255937418,0.07714953454668363,0.04651631386341124,0.11029029939170969,0.03143021104387917,0.015634057255043833
2015-02-28,0.20356608628695072,0.13343171234511988,0.08087901985721255,0.06423993355765628,0.11675000921600519,0.12191689114599256,0.07671274137485178,0.044116155244948545,0.11125898973228977,0.031780094878589515,0.015348366360383088
2015-03-31,0.20726107739474053,0.1307391772288206,0.07802365102942692,0.060771801233310906,0.1175614077377062,0.12521025442883568,0.07608921219308623,0.042131602570626404,0.11478812315258563,0.03216769414803957,0.015255998882821356
2015-04-30,0.2070440857242614,0.1300784740151295,0.07848329355368343,0.06570327987387856,0.11626680673121442,0.12382250190289965,0.0769648846473002,0.042693955748382015,0.11239963257357592,0.0316202626165418,0.014922822613133156
2015-05-31,0.20719488495738048,0.13114327804955198,0.07791229168330038,0.06233368511348677,0.11649203635410482,0.12441608074873493,0.07694106698303599,0.04313302158320967,0.11297074018182914,0.032681434529982296,0.014781479815383402
2015-06-30,0.20704733096199474,0.13038051058864059,0.07670788987608483,0.061330471596291396,0.117251641826746,0.12443707298346872,0.07853885017710184,0.04191533453647375,0.11536962596084795,0.03192759140179845,0.015093680090551896
2015-07-31,0.2081085335892236,0.13278647441953967,0.07486892753948296,0.05926867062362823,0.11740447567173132,0.12920512767671505,0.07618107372966285,0.04203480185789722,0.11317693698294382,0.03129711972236456,0.01566785818681053
2015-08-31,0.20606637179901555,0.13209382035142364,0.07321976803978326,0.05773103964814078,0.1193518941514303,0.12965421283625067,0.07930419200932985,0.04224901082497733,0.11302022755241956,0.030914639279552764,0.016394823507676373
2015-09-30,0.20174179039799273,0.14015902295437482,0.06916790394062916,0.05606998838271162,0.11958097121335232,0.13033484242494608,0.07909537606661242,0.04249644126398686,0.11214662982448265,0.03216735578590103,0.01703967774501033
2015-10-31,0.19919632252517003,0.1421574178639129,0.06984068959571908,0.05838602781257458,0.1194645182338656,0.12817898791156682,0.07565511402613927,0.042549620183309406,0.11433003749442426,0.0332068055136078,0.01703445883971034
2015-11-30,0.199136768582921,0.1429939501151923,0.06804303113926452,0.05823288610465801,0.12257208217296768,0.1276112735658986,0.07584321066324265,0.04126825341856149,0.11348736112487523,0.03460823819260495,0.016202944919813448
2015-12-31,0.1996422941088039,0.1427036729693961,0.066594173780487,0.05449812000573633,0.12174112760438865,0.1310288917593902,0.07525434964103898,0.042064047280557314,0.11444356970035263,0.035821669651404354,0.016208083498444673
2016-01-31,0.18945940867852162,0.1445409132813789,0.0639629872232133,0.053372503998175405,0.12465896200482292,0.13220860254419092,0.07962926274438172,0.043526928427386494,0.11448593129316789,0.03738996731849723,0.01676453248626353
2016-02-29,0.18353150844153396,0.14183180444330737,0.06856985780861401,0.05770401110281142,0.1265997433818652,0.12912669644879005,0.07850208968489727,0.04149550257322879,0.11968737965913694,0.0365045351403828,0.01644687131543225
2016-03-31,0.18049510689364148,0.14254893368010987,0.0712818639264642,0.05741193050338262,0.12902718359155704,0.12505380557683035,0.07800656918958931,0.04193669083987568,0.11917437963356584,0.03759630093760792,0.017467235227375574
2016-04-30,0.1833013179908563,0.13964234622180144,0.07588243224324745,0.061355913609293135,0.12714853486235667,0.12643086704642667,0.07417702895421277,0.043418678313137976,0.11579217526693654,0.035672514376953776,0.017178191114777478
2016-05-31,0.18342233946183456,0.14289002783468446,0.07227019150788189,0.058475288646968174,0.12787716491055906,0.12827598634390538,0.07481308876074715,0.04260266198330324,0.11514069763267311,0.036888975560116076,0.017343577357326802
2016-06-30,0.16417297688497112,0.14941353753492928,0.0752984110991543,0.06662530417494686,0.1260921286216611,0.13801652995282296,0.07134637941067445,0.04482728814494676,0.10990302018023926,0.036718982864913124,0.01758544113074059
2016-07-31,0.16442563743533498,0.14574471031907607,0.07751635791920689,0.061645782131078214,0.12812990060450605,0.13591770554902347,0.06950292976311329,0.04412114129186559,0.11532761050696824,0.039650156707500626,0.018018067772326642
2016-08-31,0.1752757766974543,0.1439595450018322,0.07881301642736302,0.061170131537372156,0.13048897986801797,0.12879670396195667,0.06921319173923761,0.04234466511355926,0.11529236175945219,0.0366923381202338,0.017953289773520686
2016-09-30,0.17276284802766073,0.14370836907539486,0.08153266802231496,0.061440374784405574,0.13038410885252721,0.1271168712851044,0.06851390352159374,0.043767656805422744,0.11607847557267685,0.037288588288076276,0.017406135764822642
2016-10-31,0.18215000729050834,0.14132775481232548,0.0831424463781707,0.06354056317178354,0.1289294958832842,0.12077613800978916,0.06744894972473195,0.042929638433859246,0.118206107009919,0.03522550648820986,0.01632339279741843
2016-11-30,0.1882296629684887,0.13557071437174065,0.08602760926968252,0.06561493454075497,0.12964993108171693,0.12099276135188189,0.06442222281918183,0.03982605271703346,0.11858415246326913,0.035139175805591415,0.015942782610658564
2016-12-31,0.19013428038959787,0.13317161903261404,0.08406664656070882,0.06726409426602996,0.12797774202618645,0.12053932236827458,0.06447456249223961,0.041745128585001394,0.11863164929036003,0.035640283621910164,0.01635467136707709
2017-01-31,0.19232657234992373,0.13150319481521883,0.08827279056088097,0.0653453488011707,0.1293257933004183,0.11934565465025528,0.06315454004510218,0.03997424699227836,0.11898837535929636,0.03605512248934355,0.015708360636111897
2017-02-28,0.18655264626699206,0.1359715035530595,0.08655044628474148,0.06300377718190196,0.13020669375889415,0.1234836756117719,0.0632063126316206,0.04070946034261245,0.11746039233195256,0.03705839584127416,0.015796696195179163
2017-03-31,0.19077641210053653,0.13414720509920028,0.08443033785117712,0.062083134399530976,0.13048288813470693,0.1209687132499062,0.06359772747184478,0.041964820885340454,0.11860639068463621,0.03759450146011508,0.01534786866300545
2017-04-30,0.19592180889172947,0.1328995389568952,0.07876359884573177,0.05948867568089264,0.13458786942194162,0.12117732723424887,0.0617230621296856,0.0404704072697907,0.12190752560469414,0.037532653077563795,0.015527532886826147
2017-05-31,0.1920680683515919,0.13708826087492948,0.07456234680127385,0.05909047709800355,0.1347268538140272,0.12187697311428115,0.06404958339348817,0.04303404955480352,0.11968563494555028,0.038128955571979734,0.01568879648007117
2017-06-30,0.1982921946258391,0.1366658106766973,0.07561102221800077,0.05733723934870569,0.13558013438279592,0.12139141486188575,0.06220158262444851,0.04196741535397083,0.11737022989525188,0.03790019833300239,0.01568275767940185
2017-07-31,0.20315050610056895,0.13684049411612625,0.07792868093056617,0.05842031829184492,0.1325525289332052,0.1162881913702097,0.06298544470475488,0.041774374088680594,0.11620659422017375,0.03840939801069122,0.015443469233178544
2017-08-31,0.19936060413339668,0.13706640963895328,0.08014833077755412,0.05744808641076049,0.13299726479460455,0.11706068937871361,0.06091550164256116,0.04349799109840149,0.11732311424909728,0.03849695900917094,0.015685048866786327
2017-09-30,0.2013368965289751,0.13237072857375443,0.07967045510832986,0.059960897872893194,0.13511775516058408,0.11579384209423314,0.060656773442100485,0.04205262640029119,0.11856742612705573,0.039304134147384116,0.015168464544398554
2017-10-31,0.19723281076177895,0.13342714089404567,0.07980163301364972,0.062155002120176314,0.13722505440778412,0.11187200647506558,0.05901396095580521,0.042506371252978084,0.12060610352286695,0.04064664374694463,0.01551327284890473
2017-11-30,0.19796751342212912,0.13392426999018123,0.07699932362687374,0.06273277789241309,0.13666717975715648,0.11233140529018017,0.058697863328455224,0.043054670771477295,0.12136340709605943,0.040393674288492644,0.015867914536581717
2017-12-31,0.1972683979171239,0.13383217540976017,0.07981868847322375,0.06398370945355682,0.13628728587013847,0.11161722927085013,0.05871429616457699,0.040814924587974644,0.12153891752196774,0.039538919291925885,0.01658545603890139
2018-01-31,0.20292082037927528,0.12918924734816536,0.08098813816080543,0.06366990964618578,0.13743964092321245,0.1098608327329471,0.05804579084570513,0.03939723567211723,0.12310703996496551,0.03933478876281156,0.016046555563809094
2018-02-28,0.20501337156629007,0.1272091097472276,0.08171908275372819,0.06362018057859356,0.1372591673800644,0.10860019930894954,0.05877464170391469,0.03963110349714179,0.12251678670100938,0.039895644624877234,0.01576071213820346
2018-03-31,0.19828072400362504,0.13040031340097116,0.07906636607603228,0.06559068287816763,0.13606267143341236,0.11003287544986447,0.05731097730814822,0.04232120093236692,0.12454432072986306,0.03944777228718257,0.016942095500366322
2018-04-30,0.19669531809609617,0.12626565787886143,0.07944699138265239,0.07135209337650163,0.13390368446830414,0.10829631935011169,0.058088794246629286,0.04267790325364689,0.12642005847436472,0.03990325194551373,0.016949927527317873
2018-05-31,0.18363231937763586,0.1285964499454771,0.08311811879169721,0.0742453002674404,0.13574516919223975,0.11190176704207033,0.05445557697635497,0.0417966066579975,0.12936812180516738,0.04236831798312748,0.014772251960791996
2018-06-30,0.18123774374080454,0.13018238549305788,0.08130919546181369,0.07440790697074429,0.13389030847148986,0.11709487653865096,0.05426468881157762,0.0423263531721291,0.12246201716222004,0.04296022068755758,0.01986430348995452
2018-07-31,0.1829115559902673,0.1295757616175641,0.08038316442102118,0.07291107984062205,0.13368371906613033,0.12115153335029456,0.05412446426460263,0.04208744973415603,0.12116286470066424,0.04248555592274313,0.019522851091934353
2018-08-31,0.17979877794748966,0.1318800659808899,0.07976115070140502,0.07285430316834221,0.13774916668313106,0.1203314938696956,0.05072052807557189,0.04287924471688652,0.11969272018634013,0.04487677504089504,0.019455773629352944
2018-09-30,0.18638188313282497,0.12780750592749332,0.07984490221729201,0.07678990375915452,0.1348304179415115,0.12055021992259872,0.0499768243351617,0.04250043502542311,0.11865215665104052,0.04364477303586336,0.01902097805163623
2018-10-31,0.18197758364111835,0.13046857757968647,0.08478939765411465,0.076607737720744,0.13005567797857714,0.12509026468102336,0.05143998465409453,0.04350572246184918,0.11517546758561432,0.04171872778238684,0.019170858260791228
2018-11-30,0.1820658262621367,0.13282867357976008,0.08060172664623085,0.07175046637263104,0.12987977946374282,0.12860302717953784,0.05507138500372463,0.04662916266258931,0.11234100519668228,0.04096222031123055,0.01926672732173403
2018-12-31,0.17927041083178452,0.1325683219524575,0.08257884157962436,0.0713166074120386,0.12957887274063767,0.1283919454108665,0.05487779050993052,0.049317217737170446,0.11179012228805137,0.04118976923939041,0.019120100298048125
2019-01-31,0.17866633378466404,0.13245392724532964,0.08333036460488398,0.07164636955936966,0.13064755378775467,0.12463663812424888,0.051304853265796285,0.05024852455329573,0.11537810778873975,0.0416558425210506,0.02003148476486666
2019-02-28,0.18018253027627848,0.13220352657037207,0.08424217359449598,0.07077420394706993,0.13198774223292123,0.1254649424817738,0.04990312433251492,0.04818292606730545,0.11610895594746527,0.04201333284532788,0.018936541704474976
2019-03-31,0.1733743179469354,0.1389075109562622,0.08340399169997545,0.07095956499942926,0.12996562760967847,0.1272765091415103,0.05018104179735169,0.048481648981197355,0.11572336064980844,0.04250394930173176,0.019222476916119703
2019-04-30,0.17973778352242156,0.13618384377549478,0.08232872358470406,0.06861592965677422,0.13388553556755645,0.12075189381375111,0.049134063769769774,0.04689393963374102,0.11837034595526269,0.045315471041310625,0.01878246967921364
2019-05-31,0.17406711619841023,0.14165155574115632,0.08078143439569395,0.06839887580337949,0.13105530072408803,0.1256313613722024,0.04965606943224052,0.04900683520056868,0.11530651084091385,0.04479969988518262,0.0196452404061639
2019-06-30,0.17200709426906016,0.13707071360465536,0.08330597761176974,0.06752135033766696,0.13373176120049582,0.12746715990272675,0.04769616569832102,0.047780756745791846,0.11868752349034725,0.04594473149990551,0.018786765639259538
2019-07-31,0.16889645443220588,0.14040482451811545,0.0811640981061876,0.06634228366413615,0.13260042426842383,0.13035885048219978,0.047711324738231385,0.048322615482044216,0.11968124644042481,0.04565420693462537,0.01886367093340554
2019-08-31,0.1625069645136988,0.14694719433942263,0.07840402096084625,0.06269071271673879,0.13302656810415447,0.13684511123080967,0.04846006223921767,0.04861714031105481,0.11774403403743156,0.04491078157403853,0.019847409972586876
2019-09-30,0.16966200407200258,0.14148138428792145,0.07849648022348163,0.06411196950520527,0.1325775748083484,0.13335409247282112,0.04927229024428115,0.049091252908198345,0.1158998786973595,0.04493089830225171,0.021122174478128954
2019-10-31,0.16985224994293666,0.132625282766318,0.07817933129073823,0.06141655707399038,0.134305898760798,0.13332995290049923,0.04868428836017694,0.048065972208333176,0.1268760909602153,0.045228013497338605,0.02143636223865568
2019-11-30,0.16933998366094052,0.13101546226369437,0.0788176066419014,0.05961620879421376,0.1357814979673006,0.13557151557236904,0.04683795309605495,0.04661884976315476,0.12785937027461639,0.04679708849573854,0.021744463470015678
2019-12-31,0.17281057485908619,0.12959289864717177,0.08063870957670799,0.05902026743168671,0.1351771445313465,0.13471601113740972,0.04480461725759823,0.04708756841737223,0.12764131211057508,0.04671743595785191,0.021793460073193813
2020-01-31,0.17103168176752379,0.13165447358108054,0.07779773272031568,0.055281404055266645,0.13598223158185957,0.1390529559035269,0.045129084492721856,0.05156678298995567,0.12278699121117786,0.04737005681646701,0.022346604880104502
2020-02-29,0.1701575527061251,0.13168180987070505,0.07830723217272556,0.05251691329689685,0.13442003463734842,0.13951601251585408,0.044683914004725274,0.05505342451508036,0.12229967876983608,0.04802342110995247,0.02334000640075082
2020-03-31,0.15134745003276207,0.14332593664035312,0.07863453402438228,0.04999027454060128,0.12437193364770971,0.16138160123649786,0.044270656673138106,0.05316838537969889,0.12028883838423646,0.05244295027336652,0.020777439167253702
2020-04-30,0.14386339790962993,0.13652027289017085,0.07793395276489053,0.044877174285602534,0.12661643540203174,0.17093356524512898,0.041707716225173504,0.06274330438167754,0.1200308714447971,0.05511833597599165,0.019654973474905798
2020-05-31,0.14470617253787124,0.13901830236734602,0.08222182727749519,0.04315868480340339,0.12837230733059574,0.16419644224750804,0.043562982036050975,0.05235948617425144,0.12725574497658537,0.05543296357857833,0.019715086670314234
2020-06-30,0.14863944946377985,0.13702378144722638,0.0830861773307433,0.04155782463575968,0.13178518883535026,0.15791170159680942,0.0432091600466366,0.052368567571595435,0.12568108432183583,0.05833402159367075,0.020403043156592564
2020-07-31,0.14660610263747992,0.1380016441032541,0.08659111387539715,0.03873842093703032,0.13335778501149023,0.15681161844173913,0.04221544159297065,0.05420643069843824,0.12313528404371363,0.059683064871019514,0.02065309378746709
2020-08-31,0.14775695856622081,0.13475095976261545,0.08783669034658388,0.038998492651243825,0.1390146123579828,0.1519420248848209,0.0431342194979076,0.05299058597139335,0.12240939641949075,0.06075976527192577,0.020406294269814832
2020-09-30,0.13911810749460082,0.13917524832076186,0.08759878039449602,0.03460081800074045,0.14225506384634565,0.15531379746871904,0.04283856218136053,0.05277647961233663,0.12486982581199083,0.06070184342217704,0.020751473446471172
2020-10-31,0.14085953443880403,0.13813287900100882,0.08709139205773528,0.03361623933404525,0.14396937583278896,0.1526186087936387,0.04344122361997257,0.054628222743236976,0.12893206574715266,0.05592879363153799,0.0207816648000787
2020-11-30,0.15246917121206058,0.13026115205624017,0.08654438648331833,0.03894469337443009,0.14511898610306878,0.14126670670633723,0.04202973996572705,0.055341930144388235,0.13166689688964497,0.05545977889510901,0.020896558169675505
2020-12-31,0.15070502327578789,0.12836319383336714,0.0891969743436385,0.03867470714347236,0.1449128422755937,0.13721013707394483,0.04011360550920151,0.05587649847196874,0.13648264440137262,0.056838345386254874,0.021626028285397905
2021-01-31,0.07097020577248474,0.06006180354510176,0.04305779347910397,0.018964723148129328,0.07345635285032276,0.07312130407889153,0.01971009486547268,0.026152450023152612,0.5747870651908825,0.029804774123589443,0.00991343292286868
2021-02-28,0.1602938574560952,0.11736696599567074,0.09312647185750961,0.04203046767573216,0.1458030962189466,0.13180479518204638,0.03890159574876111,0.05063025614021124,0.1415848701334327,0.05886945959528801,0.01958816399630624
2021-03-31,0.1601260379173252,0.11995804041649576,0.09092927115679014,0.040242257906518204,0.14762485441875492,0.1281254513772369,0.03978440528166936,0.050895914966300464,0.14436095396881218,0.05886723799477563,0.01908557459532121
2021-04-30,0.15942383080404648,0.12088993255612898,0.09104071107831838,0.038330331752976524,0.14724689471991495,0.12865271464828704,0.039426508147960886,0.04992934453231882,0.14510003388202905,0.06039926998833883,0.01956042788968018
2021-05-31,0.159085509735697,0.12308593292765994,0.09121845636520182,0.03893759430404352,0.14720424991899417,0.12933706535522904,0.03879860145526306,0.049661774956770675,0.14296090467998174,0.059704009227699854,0.02000590107345926
2021-06-30,0.1512996958720083,0.12110775669111079,0.08857866689370365,0.03864574971768485,0.14570635588560782,0.13418549879933797,0.03947007507511794,0.047104790647334485,0.15521050179884335,0.060635857961938315,0.018055050657312492
2021-07-31,0.15128035239554213,0.11795806551385908,0.09082186759718974,0.03628100999907893,0.14752710075737221,0.13765313490797745,0.03853334490246754,0.046083534516653486,0.15088082644841064,0.06286154862046213,0.020119214340986655
2021-08-31,0.15293873614136663,0.11589770519496816,0.0874636442090105,0.03631027351038048,0.1476128553743701,0.14080791954311142,0.039086811618606665,0.04732942488849331,0.14664224217072008,0.06558796691209573,0.020322420436877046
2021-09-30,0.15802738951951287,0.11476587499881849,0.08311914381387958,0.0422261318225527,0.14669854336053423,0.13992521035100466,0.040736412573435285,0.04517705202374098,0.14782124332461385,0.06357964013293271,0.017923358078974702
2021-10-31,0.1588025531208618,0.11488889234434206,0.08184626820962829,0.04164475471473781,0.14453737269880182,0.1402485159628162,0.03791677185441439,0.046810388878668216,0.14938241066016353,0.06562373114054369,0.01829834041502216
2021-11-30,0.15426464094242187,0.1160396204695216,0.08398884038389924,0.039872431650807734,0.14458340888613416,0.1428146611192031,0.03893806652876595,0.04768291641531214,0.14784566575286023,0.06560092080463335,0.018368827046440703
2021-12-31,0.15693558964532925,0.11866550690382091,0.07697043484063078,0.029668612599368597,0.15357542486915968,0.14577787736587877,0.038385944271662684,0.046889304566024685,0.14907775123231287,0.06529911449952228,0.018754439206289487
2022-01-31,0.16507811765990013,0.11768599953935714,0.07587592924551984,0.04596424198311912,0.14539403184932573,0.13893243952445802,0.03930487679964802,0.04657855085849346,0.14771698730574445,0.05888876425674964,0.018580060977684502
2022-02-28,0.15901296928792286,0.11987838189200195,0.07903681658119949,0.04744462163415981,0.14494311979885213,0.1422501485099259,0.03997268493141749,0.049740720794226034,0.14071582476202804,0.058229205414297144,0.018775506393969143
2022-03-31,0.15863165319955008,0.11705689373655588,0.08120977770335927,0.05010591393555264,0.1459824539079846,0.14839312453117637,0.041520774149243066,0.04834814598690133,0.13126381733383038,0.05881171553941071,0.01867572997643558
2022-04-30,0.15414179597771518,0.12259014231567505,0.0824354133282685,0.052222049893162203,0.1439968616744585,0.15091248657751247,0.04225013975142507,0.05045238291215607,0.12782489231167893,0.05543293057528273,0.01774090468266526
2022-05-31,0.1552117952925688,0.11907404082171431,0.08275034793355635,0.05839092486866383,0.14301070585024142,0.14807450314274626,0.04248592423079054,0.04996095064551936,0.1292620411445478,0.05460469720898302,0.017174068860668395
2022-06-30,0.1530782171188842,0.12577867844786503,0.07783050343217818,0.057511411584315955,0.13768312751645992,0.1556596057521677,0.04414109722489443,0.04928701692130609,0.13158572505480742,0.05223600774772148,0.01520860919939959
2022-07-31,0.14831898430149898,0.1243625218620762,0.07659248762173464,0.05528110304231115,0.14383985187298387,0.15281176405423258,0.04120008412196121,0.04949144626229708,0.13672353890737043,0.05538680486127865,0.015991413092255158
2022-08-31,0.15131918272800013,0.12476666657754838,0.07779797092276218,0.06014339396381691,0.13901832992246904,0.1505177566545382,0.04163285454421357,0.04984042435167524,0.13704720159245556,0.053162332740974476,0.014753886001546404
2022-09-30,0.15383538530660285,0.12807419300860914,0.07849790820990638,0.059542440257197515,0.1371865329588803,0.1528423076468048,0.03947989397906154,0.050429619687143656,0.13395178028617416,0.0528195263392214,0.013340412320398226
2022-10-31,0.15569334433399307,0.12202793797692663,0.07850125759590147,0.0624689230729708,0.1413258062510159,0.15204388072827663,0.03920217802637517,0.04986444361001988,0.13244194906144086,0.05312097916733178,0.013309300175747931
2022-11-30,0.15773531537557775,0.11884355099050033,0.07969580614326842,0.06136305135574215,0.13948430468832604,0.14695209134554474,0.03679602505437437,0.04953361255117166,0.14164695310365258,0.05502477590409923,0.012924513487742668
2022-12-31,0.16056095849222848,0.1179454525275284,0.07902934637343648,0.059570794052183136,0.13904133895945534,0.14911740621570135,0.03628166345339196,0.049706529434307416,0.14426975485068472,0.05103449318401191,0.013442262457070763
2023-01-31,0.16667648639046276,0.11511153865297147,0.06617139676354106,0.05568006940793536,0.1425404130039212,0.1420958735763812,0.03726082957990259,0.04784730302174294,0.15765468530350762,0.0548146459511234,0.01414675834851029
2023-02-28,0.1708144855632674,0.1146824768455766,0.06337874907584401,0.05645038220703877,0.1433102124941678,0.1401695272691223,0.03851492577963201,0.04791690480908767,0.15714843209373683,0.0545364772979535,0.01307742656457306
2023-03-31,0.15603314070722296,0.11980033514096856,0.06085739024632906,0.05257925937966109,0.14467400252273718,0.1441502097708534,0.03948236779049569,0.05011238616541843,0.16348048542805602,0.05800674889112798,0.010823673957129661
2023-04-30,0.15822574279311513,0.12105495524455682,0.06024608811724145,0.05377549474276597,0.14403961818625238,0.14800675717036013,0.03829566883563543,0.04722305363977262,0.16340793364039172,0.054495062764128924,0.011229624865779343
2023-05-31,0.15789804558296508,0.1173631740495521,0.060122174215040056,0.05042346767891067,0.1461090929782718,0.15128535866060275,0.03657702685056212,0.04693844472013137,0.16240410925641033,0.060707438851266164,0.010171667156287608
2023-06-30,0.1601451381768909,0.11631915917528443,0.05951700432641416,0.051052984185747774,0.1480392871382373,0.1457606553599578,0.03478669462615141,0.04651379260535924,0.16776153961150853,0.06018887773285569,0.009914867061592716
2023-07-31,0.16436171258888987,0.11471094476728547,0.061527359364235035,0.05186500455503848,0.1473850755184224,0.14630257169720218,0.034806291379110926,0.04479834558993478,0.1647710094685292,0.05867708634928953,0.010794598722062064
2023-08-31,0.1637267059758278,0.11782605448625814,0.059336269314614186,0.05495033141588294,0.1520251344724731,0.1565154427637738,0.035947494646685584,0.04565540018458873,0.14560308776970818,0.05692202739451239,0.011492051575675184
2023-09-30,0.16824477105080202,0.11603722049735647,0.060814556404270304,0.05952229904121182,0.1528065902476085,0.15809292047067414,0.03711566857340248,0.04467718598939517,0.13624954313562723,0.05512627121691867,0.01131297337273318
2023-10-31,0.16665042442024197,0.11830498783548402,0.061411683771620394,0.06134933414621725,0.15032567930651056,0.1557787592894345,0.03747948625426255,0.046658094038220965,0.13347543598267633,0.05719557671107502,0.011370538244256411
2023-11-30,0.16869207324465185,0.11485297493934715,0.060181506767498893,0.05633419254727869,0.1555934529255655,0.15147650943655203,0.037340818401691955,0.04699536033533453,0.1351513241484609,0.061052369372000266,0.01232941788161827
2023-12-31,0.16947550618284474,0.11220195507909494,0.06251741615481407,0.05360661929117198,0.16061012617124376,0.1504499856913455,0.03632203336253732,0.046238793082192975,0.13380657541293028,0.06137702154754731,0.013393968024277055
2024-01-31,0.16957347264804212,0.11123232422420457,0.05985006213684001,0.05152486560666791,0.15964793930688526,0.15423324025282553,0.03693862421466074,0.04378126003898459,0.13431497670096243,0.06624089373191412,0.01266234113801275
2024-02-29,0.1772512170216348,0.11060032913473009,0.05915602262981491,0.045702226348085254,0.1696015597044377,0.1197378210489955,0.037421513517400314,0.041662533681735996,0.15223246012051161,0.07421677785611473,0.012417538936539232
2024-03-31,0.18718473514106496,0.11066373995779519,0.05888016459567121,0.04815771222394975,0.16687259949356925,0.10534219335423524,0.03836423689303441,0.04275987918090765,0.15409921968471418,0.07462653791943662,0.013048981555621453
2024-04-30,0.17437714064363727,0.10409765405370587,0.06040245153568099,0.0534266866615976,0.16388209798057848,0.1549141109339598,0.03536644563665526,0.04129331851191298,0.13554395617733414,0.0644693678821795,0.012226769982757927
2024-05-31,0.17685689224766354,0.10370697346712107,0.060167864910164924,0.05132574654394386,0.16750068856964248,0.1545818538966282,0.0360380438619183,0.04179075947354717,0.13092807193895634,0.06484215868842763,0.012260946401986472
2024-06-30,0.17346047941194548,0.10100318060422384,0.059218965602420376,0.05126434257442493,0.16385060595326073,0.16225272510199115,0.03596029808132073,0.041025682648089985,0.12891545053637465,0.07112849061248733,0.011919778873460813
2024-07-31,0.17801414996780124,0.10136522839859059,0.05837003020603141,0.050120751779006205,0.1669627343189234,0.1637807082151163,0.03601073671322847,0.04290258914047093,0.12351450259359865,0.06662336834762791,0.012335200319604944
2024-08-31,0.17727937364656493,0.10218187303822077,0.05731893217882793,0.04787569684748821,0.16575862403602257,0.16823053291018264,0.036593174638349116,0.04344508326129794,0.12346641465458602,0.06517581404078972,0.012674480747670112
2024-09-30,0.18034230670199117,0.10333547565756232,0.060162661576697724,0.04445769102214841,0.16840143216206194,0.1577718134936802,0.03749776675042403,0.04490531709761457,0.12592431309220753,0.06370469205576056,0.013496530389851722
2024-10-31,0.1850674958226152,0.10004546577975773,0.05765181722100208,0.046020200944501294,0.17245681242507643,0.1575302961704669,0.03839886315131731,0.044529597501601584,0.12371923885346046,0.06163837345086453,0.012941838679336558
2024-11-30,0.18699177881753484,0.09853188273097697,0.055852901300647864,0.04592453214718268,0.1760632992795222,0.15595292604883662,0.038507530705094,0.0445325671978318,0.12068564230544092,0.06392356877522232,0.013033370691709774
